Store,Category,Product,Price (NGN),Date Checked
Pointek,Phones,AfriOne Punch 2,6750,2026-06-25 21:07
Pointek,Phones,Imose Padi +,6900,2026-06-25 21:07
Pointek,Phones,AfriOne SAVU,8000,2026-06-25 21:07
Pointek,Phones,Nokia 105 Dual Sim,14900,2026-06-25 21:07
Pointek,Audio,Itel Buds Neo 3 Earbuds,16500,2026-06-25 21:07
Pointek,Audio,Redmi Buds 6 Play Earbud,18500,2026-06-25 21:07
Pointek,Audio,Itel BudsAce ENC Earbud,18500,2026-06-25 21:07
Pointek,Watches,Itel Smart Watch Storm Ultra BT,21500,2026-06-25 21:07
Pointek,Phones,ZTE L5,23100,2026-06-25 21:07
Pointek,Phones,Imose IM-10D Pro Deskphone,30500,2026-06-25 21:07
Pointek,Phones,ZTE A452,34500,2026-06-25 21:07
Pointek,Phones,Tecno Watch 1,35000,2026-06-25 21:07
Pointek,Phones,ZTE V7 LITE,43000,2026-06-25 21:07
Pointek,Phones,AfriOne Cygnus,49500,2026-06-25 21:07
Pointek,Phones,AfriOne Cygnus X,54500,2026-06-25 21:07
Pointek,Phones,Imose Gidi II 2GB 16GB ROM,56000,2026-06-25 21:07
Justfones,Tablets,"Huawei MatePad T8 8"" - 2GB RAM - 32GB - 4G LTE",64000,2026-06-25 21:07
Pointek,Phones,AfriOne Tablet 2 In 1 Transformer Tablet With Magnetic Docking Keyboard 10.1″ 2GB RAM DDR III 16GB ROM,65000,2026-06-25 21:07
Pointek,Phones,Imose Bam III 4G Dual Sim 2GB + 32GB ROM,66800,2026-06-25 21:07
Pointek,Phones,Itel A06 2GB RAM 64GB ROM,81700,2026-06-25 21:07
Pointek,Phones,Itel A50C 2GB RAM 32GB RAM,92900,2026-06-25 21:07
Pointek,Phones,Itel A100C 2GB+64GB,95900,2026-06-25 21:07
Pointek,Phones,ZTE V7 MAX,98000,2026-06-25 21:07
Pointek,Phones,Itel A50 4G 2GB RAM 64GB ROM,99900,2026-06-25 21:07
Pointek,Phones,Itel A50 4G 3GB RAM 64GB ROM,100200,2026-06-25 21:07
Pointek,Phones,Tecno POP 9 KL4 3GB RAM 64GB ROM,102500,2026-06-25 21:07
Pointek,Phones,Poco C71 3GB + 64GB,103600,2026-06-25 21:07
Pointek,Phones,Itel A100C 3GB+64GB,105200,2026-06-25 21:07
Pointek,Phones,Itel A100 3GB + 128GB,107400,2026-06-25 21:07
Justfones,Phones,"Vivo Y21 Dual Sim - 4GB RAM, 64GB - 4G LTE",110000,2026-06-25 21:07
Pointek,Phones,Realme Note 50 3GB RAM 64GB ROM,111400,2026-06-25 21:07
Pointek,Phones,Tecno POP 9 KL4 3GB RAM 128GB ROM,115600,2026-06-25 21:07
Pointek,Phones,Infinix Smart 10 HD 2GB + 64GB,116100,2026-06-25 21:07
Pointek,Phones,VIVO Y03 4GB RAM 64GB ROM,119800,2026-06-25 21:07
Pointek,Phones,Infinix Smart 10 3GB + 64GB,119863,2026-06-25 21:07
Pointek,Phones,Imose Omotab 2 with SIM 2GB 16GB,120000,2026-06-25 21:07
Pointek,Phones,Realme 60x 4GB RAM 128GB ROM,121000,2026-06-25 21:07
Pointek,Phones,Tecno POP 10 3GB RAM 64GB ROM,121368,2026-06-25 21:07
Pointek,Phones,Poco C71 4GB + 128GB,121400,2026-06-25 21:07
Pointek,Phones,ITEL CITY 100 4GB RAM 128GB ROM,121500,2026-06-25 21:07
Pointek,Phones,Itel P65 4G RAM 128GB ROM,125000,2026-06-25 21:07
Pointek,Phones,Realme Note 50 4GB RAM 128GB ROM,128000,2026-06-25 21:07
Justfones,Phones,"Tecno Spark 10c Dual Sim - 8GB RAM, 128GB - 4G LTE",130000,2026-06-25 21:07
Pointek,Phones,Redmi A7 Pro 4GB+64GB,131200,2026-06-25 21:07
Pointek,Phones,Tecno POP 9 KL4 4GB RAM 128GB ROM,131500,2026-06-25 21:07
Pointek,Phones,Samsung Galaxy A06 LTE 4GB + 64GB,132530,2026-06-25 21:07
Justfones,Phones,Nokia HMD Aura Dual Sim - 4GB Ram - 128GB - 4G LTE,135000,2026-06-25 21:07
Pointek,Phones,VIVO Y04 4GB RAM 64GB ROM,135800,2026-06-25 21:07
Pointek,Phones,Tecno POP 20 4GB + 64GB,139800,2026-06-25 21:07
Pointek,Phones,Infinix Smart 20 4GB + 64GB,139800,2026-06-25 21:07
Pointek,Phones,VIVO Y03 4GB RAM 128GB ROM,139800,2026-06-25 21:07
Pointek,Phones,OPPO A3X 4GB+64GB,139900,2026-06-25 21:07
Justfones,Phones,"Xiaomi Redmi A5 Dual SIM - 3GB RAM, 64GB - 4G LTE",140000,2026-06-25 21:07
Justfones,Phones,Samsung Galaxy A06 Dual Sim - 4GB RAM - 64GB - 4G LTE,140000,2026-06-25 21:07
Pointek,Phones,Infinix Smart 10 Plus 4GB + 128GB,144480,2026-06-25 21:07
Justfones,Phones,Infinix Smart 8 Plus  Dual Sim - 4GB RAM - 128GB - 4G LTE,145000,2026-06-25 21:07
Pointek,Phones,ITEL CITY 200 4GB RAM 128GB ROM,145000,2026-06-25 21:07
Pointek,Phones,Itel A200+ 3GB+128GB,146400,2026-06-25 21:07
Pointek,Phones,Realme Note 50 4GB RAM 256GB ROM,149200,2026-06-25 21:07
Pointek,Phones,VIVO Y04 4GB RAM 128GB ROM,149800,2026-06-25 21:07
Pointek,Phones,Redmi A7 Pro 4GB+128GB,149900,2026-06-25 21:07
Justfones,Phones,"Xiaomi Redmi A7 Pro Dual SIM - 4GB RAM, 64GB - 4G LTE",150000,2026-06-25 21:07
Justfones,Phones,"Xiaomi Redmi A5 Dual SIM - 4GB RAM, 128GB - 4G LTE",150000,2026-06-25 21:07
Justfones,Phones,Infinix Smart 9 - Dual Sim - 3GB RAM - 128GB ROM - 4G LTE,150000,2026-06-25 21:07
Justfones,Phones,"Tecno Spark 10 Pro Dual Sim - 8GB RAM, 128GB - 4G LTE",150000,2026-06-25 21:07
Justfones,Phones,"HTC Desire 21 Pro Dual SIM - 8G RAM, 128GB - 5G (Open-Box Excellent Certified)",150000,2026-06-25 21:07
Pointek,Phones,Samsung Galaxy A07 4GB + 64GB,151580,2026-06-25 21:07
Pointek,Phones,Realme C61 6GB RAM 128GB ROM,152000,2026-06-25 21:07
Pointek,Phones,Tecno POP 20 4GB + 128GB,154800,2026-06-25 21:07
Justfones,Phones,Infinix Smart 20 Dual Sim - 3GB RAM - 64GB - 4G LTE,155000,2026-06-25 21:07
Justfones,Phones,"Xiaomi Redmi 15C Dual SIM - 4GB RAM, 128GB - 4G LTE",155000,2026-06-25 21:07
Justfones,Phones,OPPO A18 Dual Sim - 4GB RAM - 64GB - 4G LTE,155000,2026-06-25 21:07
Pointek,Phones,Huawei MatePad SE 10.4″ 4GB RAM 64GB ROM,158300,2026-06-25 21:07
Pointek,Phones,Tecno Spark 40 4GB + 128GB,158670,2026-06-25 21:07
Pointek,Phones,Itel P65 8G RAM 128GB ROM,158800,2026-06-25 21:07
Pointek,Phones,Samsung Galaxy A06 LTE 4GB + 128GB,159290,2026-06-25 21:07
Justfones,Phones,Samsung Galaxy A07 Dual Sim - 4GB RAM - 64GB - 4G LTE,160000,2026-06-25 21:07
Pointek,Phones,Imose OPOR Tablet 10.1″ 4GB RAM 64GB ROM,161000,2026-06-25 21:07
Pointek,Phones,Infinix Smart 20 4GB + 128GB,162900,2026-06-25 21:07
Pointek,Phones,Infinix Hot 60i 4GB + 128GB,162970,2026-06-25 21:07
Justfones,Phones,"Xiaomi Redmi A7 Pro Dual SIM - 4GB RAM, 128GB - 4G LTE",165000,2026-06-25 21:07
Justfones,Phones,OPPO A6X  Dual Sim - 4GB RAM - 64GB - 4G LTE,165000,2026-06-25 21:07
Justfones,Phones,Samsung Galaxy A32 Dual SIM - 8GB RAM - 128GB - 4G LTE,165000,2026-06-25 21:07
Pointek,Phones,Xiaomi Redmi 15C 4GB + 128GB,173900,2026-06-25 21:07
Justfones,Phones,Infinix Smart 20 Dual Sim - 4GB RAM - 128GB - 4G LTE,175000,2026-06-25 21:07
Justfones,Phones,Samsung Galaxy A07 Dual Sim - 4GB RAM - 128GB - 4G LTE,175000,2026-06-25 21:07
Justfones,Phones,"Xiaomi Redmi 15C Dual SIM - 6GB RAM, 128GB - 4G LTE",175000,2026-06-25 21:07
Justfones,Phones,Samsung Galaxy A06 Dual Sim - 4GB RAM - 128GB - 4G LTE,175000,2026-06-25 21:07
Pointek,Phones,Samsung Galaxy A07 4GB + 128GB,175230,2026-06-25 21:07
Pointek,Phones,Itel P55 5G 6GB RAM 128GB ROM,175700,2026-06-25 21:07
Pointek,Phones,Realme C71 6GB RAM 128GB ROM,177800,2026-06-25 21:07
Pointek,Phones,OPPO A38 4GB RAM 128GB ROM 5000mAh,178400,2026-06-25 21:07
Justfones,Phones,Infinix Hot 50i - Dual Sim - 4GB RAM - 128GB ROM - 4G LTE,180000,2026-06-25 21:07
Pointek,Phones,Nokia HMD Pulse+ 4GB RAM+128GB ROM,181100,2026-06-25 21:07
Pointek,Phones,Huawei Nova 11i 8GB RAM 128GB ROM,181400,2026-06-25 21:07
Pointek,Phones,Realme C61 8GB RAM 256GB ROM,185100,2026-06-25 21:07
Pointek,Phones,Itel Power 80 4GB + 128GB,186900,2026-06-25 21:07
Pointek,Phones,Xiaomi Redmi 15C 6GB + 128GB,187100,2026-06-25 21:07
Pointek,Phones,Infinix Hot 70 4GB+128GB,189700,2026-06-25 21:07
Pointek,Phones,Tecno Spark 50 4GB + 128GB,189700,2026-06-25 21:07
Pointek,Phones,VIVO Y04 6GB RAM 128GB ROM,189800,2026-06-25 21:07
Pointek,Phones,OPPO A6X 4GB + 64GB,189900,2026-06-25 21:07
Pointek,Phones,Samsung Galaxy Tab A9 LTE 4GB RAM 64GB ROM,192000,2026-06-25 21:07
Pointek,Phones,Realme C75x 6GB RAM 128GB ROM,192200,2026-06-25 21:07
Pointek,Phones,Tecno Spark 40 8GB + 256GB,198445,2026-06-25 21:07
Justfones,Phones,OPPO A6X Dual Sim - 4GB RAM - 128GB - 4G LTE,199000,2026-06-25 21:07
Justfones,Phones,Samsung Galaxy A07 Dual Sim - 6GB RAM - 128GB - 4G LTE,199000,2026-06-25 21:07
Justfones,Phones,"Xiaomi Redmi 15C Dual SIM - 8GB RAM, 256GB - 4G LTE",199000,2026-06-25 21:07
Justfones,Phones,OnePlus Nord N10 Dual SIM - 6GB RAM - 128GB - 5G - Midnight Ice,199000,2026-06-25 21:07
Pointek,Phones,VIVO Y21d 4GB + 128GB,199800,2026-06-25 21:07
Pointek,Phones,VIVO Y19s 6GB RAM 128GB ROM,199800,2026-06-25 21:07
Pointek,Phones,Itel S25 8GB RAM + 128GB ROM,204500,2026-06-25 21:07
Justfones,Phones,Infinix Hot 50i - Dual Sim - 4GB RAM - 256GB ROM - 4G LTE,205000,2026-06-25 21:07
Pointek,Phones,Realme C71 8GB RAM 256GB ROM,206500,2026-06-25 21:07
Pointek,Phones,Itel S25 Ultra 8GB RAM + 256GB ROM,209900,2026-06-25 21:07
Justfones,Phones,"Xiaomi Redmi 15 Dual SIM - 6GB RAM, 128GB - 4G LTE",210000,2026-06-25 21:07
Pointek,Phones,Samsung Galaxy A16 LTE 4GB RAM 128GB,210700,2026-06-25 21:07
Pointek,Phones,Samsung Galaxy Tab A11 LTE 4GB + 64GB,212850,2026-06-25 21:07
Pointek,Phones,OPPO A58 6GB RAM 128GB ROM 4G,213000,2026-06-25 21:07
Pointek,Phones,Samsung Galaxy A06 4GB+128GB 5G,217370,2026-06-25 21:07
Pointek,Phones,Tecno Mega 10 4GB RAM 128GB ROM,218400,2026-06-25 21:07
Justfones,Phones,"Vivo Y18 Dual Sim - 6GB RAM, 128GB - 4G LTE",220000,2026-06-25 21:07
Pointek,Phones,Realme C75x 8GB RAM 256GB ROM,223600,2026-06-25 21:07
Pointek,Phones,VIVO Y21d 6GB + 128GB,223800,2026-06-25 21:07
Pointek,Phones,OPPO A6X 4GB + 128GB,224900,2026-06-25 21:07
Justfones,Phones,OnePlus 7T Single SIM - 8GB RAM - 128GB - 4G LTE (Open-Box Excellent Certified),225000,2026-06-25 21:07
Justfones,Tablets,"Samsung Galaxy Tab A11 8.7"" - 4GB RAM - 64GB - 4G LTE",225000,2026-06-25 21:07
Pointek,Phones,OPPO A58 8GB RAM 128GB ROM 4G,226900,2026-06-25 21:07
Justfones,Phones,OPPO A6X Dual Sim - 4GB RAM - 256GB - 4G LTE,230000,2026-06-25 21:07
Justfones,Phones,OPPO A58 Dual Sim - 6GB RAM - 128GB - 4G LTE,230000,2026-06-25 21:07
Justfones,Phones,"Samsung Galaxy M52 Dual SIM - 8GB RAM, 128GB - 5G (Open-Box Excellent Certified)",230000,2026-06-25 21:07
Justfones,Tablets,"Amazon Fire HD 8 Kids Pro 8"" Tab (2022 Model) 2GB RAM, 32GB (Ages 6 - 12)",230000,2026-06-25 21:07
Pointek,Phones,Honor X7A 4G LTE 6GB 128GB,230000,2026-06-25 21:07
Pointek,Phones,Apple Pencil 2nd Gen,230000,2026-06-25 21:07
Pointek,Phones,Infinix Xpad 4GB RAM 128GB ROM + Protective Case,230480,2026-06-25 21:07
Pointek,Phones,Xiaomi Redmi 15C 8GB + 256GB,231900,2026-06-25 21:07
Pointek,Phones,Itel S25 Ultra 8GB RAM + 128GB ROM,236500,2026-06-25 21:07
Pointek,Phones,Samsung Galaxy A17 LTE 4GB + 128GB,237100,2026-06-25 21:07
Pointek,Phones,Samsung Galaxy Bud 3 Pro,239730,2026-06-25 21:07
Pointek,Phones,Tecno Camon 20 Pro 4G 8GB RAM 256GB ROM,242000,2026-06-25 21:07
Justfones,Phones,"Xiaomi Redmi 15 Dual SIM - 8GB RAM, 256GB - 4G LTE",245000,2026-06-25 21:07
Pointek,Phones,VIVO Y21d 6GB + 256GB,245800,2026-06-25 21:07
Pointek,Phones,Itel SUPER 26 Ultra 8GB + 128GB,246900,2026-06-25 21:07
Pointek,Phones,Redmi Note 14 6GB RAM 128GB ROM,247035,2026-06-25 21:07
Pointek,Phones,Samsung Galaxy A16 LTE 6GB RAM + 128GB ROM,247250,2026-06-25 21:07
Pointek,Phones,OPPO A3 6GB+128GB,247500,2026-06-25 21:07
Pointek,Phones,Tecno Megapad SE 4GB+128GB 4G,249615,2026-06-25 21:07
Justfones,Phones,Nokia HMD Pulse Pro  Dual Sim - 4GB Ram - 128GB - 4G LTE,250000,2026-06-25 21:07
Justfones,Phones,Samsung Galaxy A16 Dual Sim - 6GB RAM - 128GB - 4G LTE,250000,2026-06-25 21:07
Justfones,Phones,Samsung Galaxy A16 Dual Sim - 4GB RAM - 128GB - 4G LTE,250000,2026-06-25 21:07
Justfones,Phones,OPPO A58 Dual Sim - 8GB RAM - 128GB - 4G LTE,250000,2026-06-25 21:07
Justfones,Watches,Samsung Galaxy Watch FE 40mm,250000,2026-06-25 21:07
Pointek,Phones,Realme C75 8GB RAM 128GB ROM,251800,2026-06-25 21:07
Pointek,Phones,Samsung Galaxy Watch 5 40mm,253000,2026-06-25 21:07
Justfones,Phones,Samsung Galaxy A17 Dual Sim - 4GB RAM - 128GB - 4G LTE,255000,2026-06-25 21:07
Justfones,Phones,"Tecno Spark 20 Pro Dual Sim - 8GB, 256GB- 4G LTE",255000,2026-06-25 21:07
Pointek,Phones,Redmi Pad 2 4GB +128GB WiFi Only,255500,2026-06-25 21:07
Pointek,Phones,Samsung Galaxy A16 5G 4GB RAM 128GB,255850,2026-06-25 21:07
Pointek,Phones,Samsung Galaxy Buds 4 Pro,256930,2026-06-25 21:07
Pointek,Phones,Samsung Galaxy A17 LTE 6GB + 128GB,257420,2026-06-25 21:07
Justfones,Phones,Google Pixel 4a - 6GB RAM 128GB - 4G LTE - Just Black,260000,2026-06-25 21:07
Pointek,Phones,Tecno Spark 40 Pro 8GB + 128GB,261978,2026-06-25 21:07
Justfones,Phones,"Vivo Y29 Dual Sim - 8GB RAM, 128GB - 4G LTE",265000,2026-06-25 21:07
Justfones,Tablets,"Infinix XPAD  - 4GB, 256GB - WIFI ONLY",265000,2026-06-25 21:07
Pointek,Phones,Redmi Note 14 8GB RAM 128GB ROM,266385,2026-06-25 21:07
Pointek,Phones,Infinix Xpad 8GB RAM 256GB ROM + Protective Case,268965,2026-06-25 21:07
Justfones,Phones,Samsung Galaxy A17 Dual Sim - 4GB RAM - 128GB - 5G,270000,2026-06-25 21:07
Pointek,Phones,Realme C75 8GB RAM 256GB ROM,274200,2026-06-25 21:07
Justfones,Phones,OPPO A6 Dual Sim - 4GB RAM - 128GB - 4G LTE,275000,2026-06-25 21:07
Justfones,Phones,Samsung Galaxy A17 Dual Sim - 6GB RAM - 128GB - 4G LTE,275000,2026-06-25 21:07
Justfones,Tablets,"Samsung Galaxy Tab A11 8.7"" - 8GB RAM - 128GB - 4G LTE",275000,2026-06-25 21:07
Pointek,Phones,VIVO Y28 8GB RAM 256GB ROM,279800,2026-06-25 21:07
Justfones,Phones,"Google Pixel 5a 5G - 6GB RAM, 128GB - Mostly Black",280000,2026-06-25 21:07
Justfones,Laptops,"Dell Inspiron 14 5000 14"" 2-In-1 Convertible Touchscreen Laptop - 8th Gen Intel Core I5 1.6GHz - 8GB RAM - 256GB SSD",280000,2026-06-25 21:07
Pointek,Phones,Samsung Galaxy Watch 5 44mm,280000,2026-06-25 21:07
Pointek,Phones,Tecno Spark 30 Pro 8GB RAM 256GB ROM,280120,2026-06-25 21:07
Pointek,Phones,Redmi Pad 2 4GB +128GB 4G,281600,2026-06-25 21:07
Pointek,Phones,Redmi Note 14 8GB RAM 256GB ROM,284660,2026-06-25 21:07
Justfones,Phones,Samsung Galaxy A16 Dual Sim - 8GB RAM - 256GB - 4G LTE,285000,2026-06-25 21:07
Pointek,Phones,Tecno Megapad SE 8GB+256GB 4G,285520,2026-06-25 21:07
Pointek,Phones,Samsung Galaxy Tab A11 LTE 8GB + 128GB,288100,2026-06-25 21:07
Justfones,Phones,OPPO A78 Dual Sim - 8GB RAM - 256GB - 4G LTE,290000,2026-06-25 21:07
Justfones,Phones,Google Pixel 4a 5G - 6GB RAM 128GB - Just Black (Open-Box Excellent Certified),290000,2026-06-25 21:07
Justfones,Tablets,"Xiaomi Redmi Pad 2 Dual SIM - 4GB RAM, 128GB - WI-FI ONLY",290000,2026-06-25 21:07
Justfones,Watches,Samsung Galaxy Watch7 40MM,290000,2026-06-25 21:07
Pointek,Phones,Lenovo Tab M10 HD + Back cover,290900,2026-06-25 21:07
Pointek,Phones,Infinix Hot 60 Pro+ 8GB + 128GB,291540,2026-06-25 21:07
Pointek,Phones,Itel SUPER 26 Ultra 8GB + 256GB,291600,2026-06-25 21:07
Pointek,Phones,OPPO A78 8GB RAM 256GB ROM 5000mAh,293100,2026-06-25 21:07
Justfones,Phones,"Vivo Y29 Dual Sim - 8GB RAM, 256GB - 4G LTE",295000,2026-06-25 21:07
Justfones,Phones,"Xiaomi Redmi Note 15 Dual SIM - 6GB RAM, 128GB - 4G LTE",299000,2026-06-25 21:07
Justfones,Phones,Infinix Hot 60 Pro + Dual Sim - 8GB RAM - 128GB - 4G LTE,299000,2026-06-25 21:07
Justfones,Phones,HTC U20 Dual SIM -  256GB - 8GB RAM - 5G - Mirage Green,299000,2026-06-25 21:07
Justfones,Phones,Google Pixel 4a 5G - 6GB RAM 128GB - Just Black,299000,2026-06-25 21:07
Pointek,Phones,Redmi Pad 2 8GB + 256GB WiFi Only,299300,2026-06-25 21:07
Pointek,Phones,Infinix Hot 70 6GB+256GB,299900,2026-06-25 21:07
Pointek,Phones,OPPO A5 Pro 8GB+256GB ROM,299900,2026-06-25 21:07
Justfones,Watches,Google Pixel Watch 2 Stainless Steel (Wifi/BT) 41MM,300000,2026-06-25 21:07
Justfones,Watches,Samsung Galaxy Watch6 Classic 47MM,300000,2026-06-25 21:07
Pointek,Phones,OPPO A3 8GB+256GB,301200,2026-06-25 21:07
Pointek,Phones,Redmi Note 15 6GB+128GB,305000,2026-06-25 21:07
Justfones,Phones,"Tecno Spark 20 Pro Plus  Dual Sim - 8GB, 256GB- 4G LTE",310000,2026-06-25 21:07
Justfones,Phones,"Tecno Camon 20 Dual Sim 8GB, 256GB- 4G LTE",310000,2026-06-25 21:07
Justfones,Phones,"OnePlus 7T Pro - 256GB, 8GB RAM - 4G LTE - Haze Blue",310000,2026-06-25 21:07
Justfones,Tablets,"Infinix XPAD Single Sim - 8GB, 256GB - 4G LTE",310000,2026-06-25 21:07
Justfones,Phones,OPPO A60 Dual Sim - 8GB RAM - 256GB - 4G LTE,320000,2026-06-25 21:07
Justfones,Phones,"Tecno Camon 30 Dual Sim - 8GB, 256GB- 4G LTE",320000,2026-06-25 21:07
Justfones,Tablets,"Xiaomi Redmi Pad 2 Dual SIM - 4GB RAM, 128GB - 4G LTE",320000,2026-06-25 21:07
Pointek,Phones,Redmi Pad 2 8GB +256GB 4G,320300,2026-06-25 21:07
Pointek,Phones,Infinix Hot 60 Pro+ 8GB + 256GB,321748,2026-06-25 21:07
Pointek,Phones,Spark 40 Pro Plus 8GB + 256GB,322285,2026-06-25 21:07
Pointek,Phones,Realme C85 Pro 4GB RAM 128GB ROM,322400,2026-06-25 21:07
Justfones,Phones,OPPO A6 Dual Sim - 6GB RAM - 256GB - 4G LTE,330000,2026-06-25 21:07
Justfones,Phones,Samsung Galaxy A17 Dual Sim - 8GB RAM - 256GB - 4G LTE,330000,2026-06-25 21:07
Justfones,Phones,Infinix Hot 60 Pro + Dual Sim - 8GB RAM - 256GB - 4G LTE,330000,2026-06-25 21:07
Justfones,Phones,Samsung Galaxy A26 Dual Sim - 6GB RAM - 128GB - 5G,330000,2026-06-25 21:07
Justfones,Phones,Infinix Hot 50 - Dual Sim - 8GB RAM - 256GB ROM - 4G LTE,330000,2026-06-25 21:07
Justfones,Watches,Samsung Galaxy Watch7 44MM,330000,2026-06-25 21:07
Justfones,Watches,Fitbit Sense 2,330000,2026-06-25 21:07
Pointek,Phones,Apple Airpods 4 Active Noise Cancellation,330000,2026-06-25 21:07
Pointek,Phones,Redmi Note 15 8GB+256GB,342000,2026-06-25 21:07
Pointek,Phones,Infinix Note 50 8GB RAM 256GB ROM,343463,2026-06-25 21:07
Pointek,Phones,Tecno Megapad Pro T1201 8GB+256GB 4G,344323,2026-06-25 21:07
Pointek,Phones,Samsung Galaxy A17 LTE 8GB + 256GB,347800,2026-06-25 21:07
Pointek,Phones,Tecno Camon 40 CM5 8GB RAM 256GB ROM,348838,2026-06-25 21:07
Pointek,Phones,VIVO Y31d 4G,349800,2026-06-25 21:07
Justfones,Phones,"Xiaomi Redmi Note 15 Dual SIM - 8GB RAM, 256GB - 4G LTE",350000,2026-06-25 21:07
Justfones,Phones,Infinix Note 50 Dual Sim - 8GB RAM - 256GB - 4G LTE,350000,2026-06-25 21:07
Justfones,Phones,Huawei Mate 30 Pro Dual Sim - 8GB RAM - 256GB - 5G - Orange,350000,2026-06-25 21:07
Justfones,Tablets,"Xiaomi Redmi Pad 2 Dual SIM - 8GB RAM, 256GB - WI-FI ONLY",350000,2026-06-25 21:07
Justfones,Tablets,"Amazon Fire HD 10 Kids Pro 10.1” Tab (2023 Model) 3GB RAM, 32GB (Ages 6 - 12)",350000,2026-06-25 21:07
Pointek,Phones,Tecno Spark Slim 8GB+256GB,354428,2026-06-25 21:07
Pointek,Phones,Apple Airpods pro 2nd Gen,355000,2026-06-25 21:07
Justfones,Tablets,"Xiaomi Redmi Pad 2 Dual SIM - 8GB RAM, 256GB - 4G LTE",360000,2026-06-25 21:07
Pointek,Phones,Samsung Galaxy A25 6GB 128GB 5G,361200,2026-06-25 21:07
Pointek,Phones,Tecno Camon 30s Pro 4G 8GB RAM 256GB,368400,2026-06-25 21:07
Justfones,Phones,Nokia HMD Fusion Dual Sim - 12GB RAM - 256GB - 5G - Noir,370000,2026-06-25 21:07
Justfones,Phones,"Tecno Camon 30 Dual Sim - 12GB, 256GB- 4G LTE",370000,2026-06-25 21:07
Pointek,Phones,Tecno Camon 30 12GB RAM + 256GB ROM,372200,2026-06-25 21:07
Justfones,Phones,OPPO A6 Dual Sim - 8GB RAM - 256GB - 4G LTE,375000,2026-06-25 21:07
Pointek,Phones,Redmi Pad 2 Pro 6GB+128GB WiFi Only,379250,2026-06-25 21:07
Justfones,Phones,"OnePlus 7T Pro McLaren Edition - 256GB, 12GB RAM - 5G - Papaya Orange",380000,2026-06-25 21:07
Justfones,Phones,"Vivo 30 Lite Dual Sim - 8GB RAM, 256GB - 4G LTE",385000,2026-06-25 21:07
Pointek,Phones,Samsung Galaxy Watch 8 40mm,389150,2026-06-25 21:07
Pointek,Phones,Samsung Galaxy A26 6GB+128GB 5G,389150,2026-06-25 21:07
Pointek,Phones,OPPO A6 Pro 8GB+256GB 4G,389900,2026-06-25 21:07
Pointek,Laptops,HP Pavilion 14 X360 Intel Pentium Gold 4GB 512 SSD Win 10,395000,2026-06-25 21:07
Pointek,Phones,OPPO Reno 12F 4G 8GB+256GB,395500,2026-06-25 21:07
Pointek,Phones,Redmi Note 14 Pro 8GB RAM 256GB ROM,397535,2026-06-25 21:07
Pointek,Phones,Tecno Camon 50 8GB RAM 128GB ROM,397643,2026-06-25 21:07
Justfones,Phones,OPPO A6 Pro Dual Sim - 8GB RAM - 256GB - 4G LTE,399000,2026-06-25 21:07
Justfones,Phones,Infinix Note 50 Pro  Dual Sim - 8GB RAM - 256GB - 4G LTE,399000,2026-06-25 21:07
Justfones,Tablets,"Xiaomi Redmi Pad 2 Pro Dual SIM - 6GB RAM, 128GB - 4G LTE",399000,2026-06-25 21:07
Justfones,Phones,Samsung Galaxy A26 Dual Sim - 8GB RAM - 256GB - 5G,400000,2026-06-25 21:07
Justfones,Tablets,"Samsung Galaxy Tab A11 Plus 11.0"" - 6GB RAM - 128GB - 5G",400000,2026-06-25 21:07
Justfones,Watches,Samsung Galaxy Watch 8 (40MM / 44MM),400000,2026-06-25 21:07
Pointek,Phones,OPPO Reno 8T 5G 8/256GB,404283,2026-06-25 21:07
Pointek,Phones,Infinix Note 50 Pro 8GB + 256GB,406780,2026-06-25 21:07
Pointek,Phones,Samsung Galaxy Watch 5 pro 45mm,407000,2026-06-25 21:07
Pointek,Phones,Tecno Camon 40 Pro 8GB RAM 256GB ROM,408178,2026-06-25 21:07
Pointek,Watches,Samsung Galaxy Watch7 Smart Watch Bluetooth 44mm,409580,2026-06-25 21:07
Pointek,Phones,OPPO A6 Pro 8GB+256GB 5G,418900,2026-06-25 21:07
Pointek,Phones,Samsung Galaxy A25 8GB 256GB 5G,419400,2026-06-25 21:07
Justfones,Phones,OPPO Reno 8T Dual Sim - 8GB RAM - 256GB - 4G LTE,420000,2026-06-25 21:07
Pointek,Phones,Samsung Galaxy Watch 8 44mm,420330,2026-06-25 21:07
Pointek,Phones,Samsung Galaxy Watch 6 44mm,428000,2026-06-25 21:07
Pointek,Phones,VIVO Y31 5G 8GB+256GB,429800,2026-06-25 21:07
Pointek,Phones,Apple Airpods Pro 3,430000,2026-06-25 21:07
Pointek,Laptops,Lenovo Intel Celeron 4GB RAM 1TB HDD 15.6″,430000,2026-06-25 21:07
Pointek,Phones,Redmi Note 15 Pro 8GB+256GB,445000,2026-06-25 21:07
Pointek,Phones,Tecno Camon 50 8GB RAM 256GB ROM,447600,2026-06-25 21:07
Pointek,Phones,Samsung Galaxy A34 6GB/128GB 5G,448000,2026-06-25 21:07
Pointek,Phones,Infinix Note Edge – 8GB +128GB,448598,2026-06-25 21:07
Pointek,Phones,Samsung Galaxy A26 8GB+256GB 5G,449890,2026-06-25 21:07
Justfones,Phones,OPPO A6 Pro Dual Sim - 8GB RAM - 256GB - 5G,450000,2026-06-25 21:07
Justfones,Phones,"Xiaomi Redmi Note 15 Pro Dual SIM - 8GB RAM, 256GB - 4G LTE",450000,2026-06-25 21:07
Justfones,Tablets,"Samsung Galaxy Tab A11 Plus 11.0"" - 8GB RAM - 256GB - 5G",450000,2026-06-25 21:07
Justfones,Tablets,"Xiaomi Redmi Pad 2 Pro Dual SIM - 8GB RAM, 256GB - 4G LTE",450000,2026-06-25 21:07
Justfones,Watches,Samsung Galaxy Watch 8 Classic 46MM,450000,2026-06-25 21:07
Justfones,Phones,Samsung Galaxy A36 Dual Sim - 8GB RAM - 256GB - 5G,460000,2026-06-25 21:07
Pointek,Phones,VIVO Y31 5G 8GB+512GB,461800,2026-06-25 21:07
Justfones,Phones,Samsung Galaxy A56 Dual Sim - 8GB RAM - 128GB - 5G,470000,2026-06-25 21:07
Pointek,Phones,Redmi Note 14 Pro 12GB RAM 512GB ROM,474935,2026-06-25 21:07
Pointek,Laptops,Lenovo V15 Intel Core i3 4GB RAM 256GB SSD 15.6″ + Wireless mouse,475000,2026-06-25 21:07
Justfones,Phones,Samsung Galaxy A36 Dual Sim - 6GB RAM - 128GB - 5G,480000,2026-06-25 21:07
Pointek,Laptops,Lenovo V14 Intel Core i3 4GB RAM 256GB SSD 14″ + Wireless mouse,480000,2026-06-25 21:07
Pointek,Phones,OPPO Reno 12F 5G 12GB RAM 256GB ROM,482000,2026-06-25 21:07
Pointek,Phones,VIVO V60 Lite 8GB+256GB 4G,483800,2026-06-25 21:07
Pointek,Phones,Samsung Galaxy A36 5G 6GB+128GB,486980,2026-06-25 21:07
Pointek,Laptops,HP 14S intel Pentium 4GB + 512GB SSD – Dq3041NIA,490000,2026-06-25 21:07
Pointek,Phones,Infinix Note Edge – 8GB + 256GB,498263,2026-06-25 21:07
Justfones,Phones,Samsung Galaxy A37 Dual SIM - 8GB RAM - 256GB - 5G,499000,2026-06-25 21:07
Justfones,Phones,"Nubia RedMagic 7 Dual Sim - 16GB RAM, 256GB - 5G - Pulsar",499000,2026-06-25 21:07
Justfones,Tablets,"Xiaomi Redmi Pad 2 Pro Dual SIM - 6GB RAM, 128GB - 5G",499000,2026-06-25 21:07
Justfones,Watches,Google Pixel Watch 3 Smartwatch (Wifi/BT) 41MM,499000,2026-06-25 21:07
Justfones,Watches,Samsung Galaxy Watch Ultra 47mm - LTE,499000,2026-06-25 21:07
Pointek,Phones,Tecno Camon 50 Pro 8GB RAM 256GB ROM,499230,2026-06-25 21:07
Justfones,Phones,"Xiaomi Poco X6 Pro Dual SIM - 12GB RAM, 512GB - 5G - Black",500000,2026-06-25 21:07
Justfones,Laptops,"Microsoft Surface Pro 7 - 12.3"" - Intel Core I5 - 8GB RAM - 128GB SSD (2019)",500000,2026-06-25 21:07
Justfones,Tablets,"Samsung Galaxy Tab S10 Lite 10.9"" - 6GB RAM - 128GB - WIFI ONLY",500000,2026-06-25 21:07
Pointek,Phones,Samsung Galaxy A37 6GB+128GB 5G,504180,2026-06-25 21:07
Justfones,Phones,Samsung Galaxy A56 Dual Sim - 8GB RAM - 256GB - 5G,510000,2026-06-25 21:07
Justfones,Phones,"Tecno Camon 30 Dual Sim - 8GB, 512GB- 5G",520000,2026-06-25 21:07
Pointek,Phones,Tecno Camon 30 5G 8GB RAM + 512GB ROM,524300,2026-06-25 21:07
Pointek,Phones,Tecno Camon 20 Premier 8GB RAM 512GB ROM 5G,524300,2026-06-25 21:07
Pointek,Phones,Redmi Note 15 Pro 12GB+512GB,527000,2026-06-25 21:07
Justfones,Phones,Samsung Galaxy A57 Dual SIM - 8GB RAM - 256GB - 5G,550000,2026-06-25 21:07
Justfones,Phones,"Xiaomi Redmi Note 15 Pro Dual SIM - 12GB RAM, 512GB - 4G LTE",550000,2026-06-25 21:07
Justfones,Phones,OPPO Reno 12F Dual Sim - 12GB RAM - 256GB - 5G,550000,2026-06-25 21:07
Justfones,Watches,Apple Watch Series 10 with Sport Band (GPS) 42mm,550000,2026-06-25 21:07
Pointek,Phones,Samsung Galaxy Watch 8 Classic 46mm,550400,2026-06-25 21:07
Pointek,Phones,Samsung Galaxy Watch 6 Classic 47mm,558000,2026-06-25 21:07
Justfones,Watches,Samsung Galaxy Watch Ultra 47mm - LTE (2025),560000,2026-06-25 21:07
Pointek,Phones,Samsung Galaxy A36 5G 8GB+256GB,565450,2026-06-25 21:07
Justfones,Phones,"Xiaomi Redmi Pad 2 Pro Dual SIM - 8GB RAM, 256GB - 5G",590000,2026-06-25 21:07
Justfones,Phones,OPPO Reno 8T Dual Sim - 8GB RAM - 256GB - 5G,590000,2026-06-25 21:07
Justfones,Tablets,"Xiaomi Redmi Pad 2 Pro Dual SIM - 8GB RAM, 256GB - 5G",590000,2026-06-25 21:07
Justfones,Watches,Apple Watch Series 10 with Sport Band (GPS) 46mm,590000,2026-06-25 21:07
Pointek,Phones,OPPO Reno 11 12GB+256GB ROM 5G,590000,2026-06-25 21:07
Pointek,Laptops,HP 14s – Dq5096nia Core I3 8GB RAM 512GB SSD,595000,2026-06-25 21:07
Pointek,Phones,Infinix Note 60 Pro – 8GB+256GB,598560,2026-06-25 21:07
Justfones,Phones,OPPO Reno 11  Dual Sim - 12GB RAM - 256GB - 5G,599000,2026-06-25 21:07
Justfones,Phones,"Nubia RedMagic 8 Pro Dual Sim - 12GB RAM, 256GB - 5G - Matte",599000,2026-06-25 21:07
Justfones,Phones,Samsung Galaxy S22 Dual SIM - 8GB RAM - 256GB - 5G (Open-box Excellent),599000,2026-06-25 21:07
Justfones,Tablets,"Apple iPad 11"" A16 CHIP - (128GB / 256GB / 512GB) Wi-Fi Only - 2025 Model",599000,2026-06-25 21:07
Justfones,Tablets,Samsung Galaxy Tab S6 Lite - 4GB RAM - 128GB - 4G LTE (2024 Model),599000,2026-06-25 21:07
Justfones,Tablets,"Apple iPad 10.9"" - 10th Gen - 64GB (Wi-Fi Only ) - 2022 Model",599000,2026-06-25 21:07
Justfones,Watches,Google Pixel Watch 3 Smartwatch (Wifi/BT) 45MM,599000,2026-06-25 21:07
Justfones,Tablets,"Samsung Galaxy Tab S10 Lite 10.9"" - 8GB RAM - 256GB - WIFI ONLY - Gray",600000,2026-06-25 21:07
Justfones,Tablets,"Samsung Galaxy Tab S10 Lite 10.9"" - 6GB RAM - 128GB - 5G",600000,2026-06-25 21:07
Justfones,Watches,Apple Watch Series 11 with Sport Band (GPS) 42mm | 46mm,600000,2026-06-25 21:07
Pointek,Laptops,HP 250 G10 Core I3 13TH Gen 8GB RAM 512GB SSD,610000,2026-06-25 21:07
Pointek,Phones,Samsung Galaxy A37 8GB+256GB 5G,617050,2026-06-25 21:07
Pointek,Phones,Samsung Galaxy A56 5G 8GB RAM 128GB ROM,618130,2026-06-25 21:07
Justfones,Phones,Infinix Note 60 Pro  Dual Sim - 8GB RAM - 256GB - 5G,620000,2026-06-25 21:07
Pointek,Phones,Redmi Note 14 Pro+ 5G 8GB RAM 256GB ROM,622210,2026-06-25 21:07
Pointek,Phones,Samsung Galaxy A57 8GB+128GB 5G,623500,2026-06-25 21:07
Pointek,Watches,Apple watch series 9 45mm,630000,2026-06-25 21:07
Pointek,Phones,Huawei P50 Pro 8GB RAM 256GB ROM,631000,2026-06-25 21:07
Pointek,Phones,OPPO Reno 13F 12GB+512GB 5G,631200,2026-06-25 21:07
Justfones,Phones,"Xiaomi Redmi Note 15 Pro Plus Dual SIM - 8GB RAM, 256GB - 5G",650000,2026-06-25 21:07
Justfones,Phones,"Nothing Phone (3a) Pro Dual SIM - 12GB RAM, 256GB - 5G",650000,2026-06-25 21:07
Justfones,Phones,OPPO Reno 13F Dual Sim - 12GB RAM - 512GB - 5G,650000,2026-06-25 21:07
Justfones,Phones,"Nubia RedMagic 7 Dual Sim - 18GB RAM, 256GB - 5G - Supernova",650000,2026-06-25 21:07
Justfones,Phones,"Asus ROG Phone 5s Dual Sim - 18GB RAM, 512GB - 5G - Phantom Black",650000,2026-06-25 21:07
Pointek,Phones,Redmi Note 15 Pro+ 5G 8GB+256GB,657900,2026-06-25 21:07
Pointek,Phones,Samsung Galaxy A56 5G 8GB RAM 256GB ROM,661130,2026-06-25 21:07
Justfones,Phones,Nokia HMD Skyline Dual Sim - 12GB Ram - 256GB - 5G,670000,2026-06-25 21:07
Pointek,Phones,Nokia HMD Skyline 12GB RAM 256GB ROM,672900,2026-06-25 21:07
Pointek,Phones,OPPO Reno 12 5G 12GB RAM 512GB ROM,677200,2026-06-25 21:07
Pointek,Phones,Samsung Galaxy A57 8GB+256GB 5G,698750,2026-06-25 21:07
Justfones,Phones,"OnePlus Nord 6 Dual SIM - 12GB RAM, 256GB - 5G",699000,2026-06-25 21:07
Justfones,Phones,Infinix Note 50 Pro + Dual Sim - 12GB RAM - 256GB - 5G,699000,2026-06-25 21:07
Justfones,Tablets,"Apple iPad 10.9"" - 10th Gen - 256GB (Wi-Fi Only ) - 2022 Model",699000,2026-06-25 21:07
Justfones,Tablets,"Samsung Galaxy Tab S10 Lite 10.9"" - 8GB RAM - 256GB - 5G - Gray",700000,2026-06-25 21:07
Pointek,Laptops,HP 14s Intel Core i3 8GB RAM 256GB SSD Backlit 12th Gen,700000,2026-06-25 21:07
Justfones,Laptops,"HP Envy 17M TouchScreen Laptop 17.3"" - 11th Gen Intel Core I7 2.8GHz - 12GB RAM - 512GB SSD + 32GB Optane - Windows 10 Home",710000,2026-06-25 21:07
Pointek,Laptops,HP 15 Intel core i5-1135G7 8GB RAM 256GB ROM SSD,715000,2026-06-25 21:07
Pointek,Watches,Samsung Galaxy watch ultra LTE 47MM,722400,2026-06-25 21:07
Pointek,Phones,Redmi Note 15 Pro+ 5G 12GB + 512GB,734400,2026-06-25 21:07
Justfones,Phones,"Xiaomi Redmi Note 15 Pro Plus Dual SIM - 12GB RAM, 512GB - 5G",750000,2026-06-25 21:07
Justfones,Phones,"OnePlus 13s Dual SIM (12GB RAM, 512GB) - 5G (Pre-Owned)",750000,2026-06-25 21:07
Justfones,Phones,"Nubia RedMagic 8s Pro Dual Sim - 16GB RAM, 512GB - 5G - Platinum(Open-Box Excellent Certified)",750000,2026-06-25 21:07
Justfones,Laptops,"Dell Inspiron 13 13.3""- 10th Gen Intel Core I5 1.6GHz- Windows 10 Home - 8GB RAM - 256GB SSD",750000,2026-06-25 21:07
Justfones,Laptops,"Dell Inspiron 15 15.6""- 12th Gen Intel Core I7 1.7GHz Windows 11 Home - 16GB RAM - 512GB SSD",750000,2026-06-25 21:07
Justfones,Laptops,"Microsoft Surface Pro 7 - 12.3"" - Intel Core I5 - 16GB RAM - 256GB SSD (2019)",750000,2026-06-25 21:07
Justfones,Tablets,"Apple iPad 11"" A16 CHIP - (128GB / 256GB / 512GB) Wi-Fi + Cellular - 2025 Model",750000,2026-06-25 21:07
Pointek,Laptops,HP 15 – Fq526nia Core I5 12TH Gen 15.6″ 8GB RAM 512GB SSD,760000,2026-06-25 21:07
Justfones,Phones,"Samsung Galaxy S21 Ultra Dual SIM  - 16GB RAM, 512GB - 5G",770000,2026-06-25 21:07
Justfones,Phones,OnePlus 15R Dual SIM (256GB / 512GB) - 5G,799000,2026-06-25 21:07
Justfones,Phones,"HUAWEI Pura 70 Dual SIM - 12GB RAM, 256GB - Black",799000,2026-06-25 21:07
Justfones,Laptops,Microsoft Surface Pro 8 – 13” – Intel Core i5 – 8GB RAM – 256GB SSD (2021),799000,2026-06-25 21:07
Justfones,Laptops,"Microsoft Surface Pro (5th Gen) 12.3"" - Intel Core I7 - 16GB RAM - 1TB - (2017)",799000,2026-06-25 21:07
Justfones,Watches,Google Pixel Watch 4 Smartwatch (Wifi+BT) 45MM - Obsidian,799000,2026-06-25 21:07
Justfones,Phones,"Xiaomi 14T Dual SIM - 12GB RAM, 512GB  - 5G",800000,2026-06-25 21:07
Pointek,Laptops,HP 240 G10 Notebook Core I5 13TH Gen 8GB RAM 512GB SSD,810000,2026-06-25 21:07
Pointek,Phones,VIVO V60 12GB + 512GB 5G,849800,2026-06-25 21:07
Justfones,Phones,Google Pixel 10a (128GB / 256GB) - 5G,850000,2026-06-25 21:07
Justfones,Phones,Google Pixel 9a (128GB / 256GB) - 5G,850000,2026-06-25 21:07
Justfones,Phones,Samsung Galaxy S24 FE Dual Sim - 8GB RAM - 256GB - 5G,850000,2026-06-25 21:07
Justfones,Phones,Xiaomi 14T Pro Dual SIM - (256GB / 512GB / 1TB) - 5G,850000,2026-06-25 21:07
Justfones,Phones,Nothing Phone (2) Dual SIM - (256GB / 512GB) - 5G,850000,2026-06-25 21:07
Justfones,Phones,"Samsung Galaxy Z Flip5 - 8GB, 512GB - 5G",850000,2026-06-25 21:07
Justfones,Phones,"Nubia RedMagic 8 Pro Dual Sim - 16GB RAM, 512GB - 5G - Titanium",850000,2026-06-25 21:07
Justfones,Laptops,"HP 15s Laptop 15.6"" Laptop -12TH Gen Intel Core I3 4.4 GHz - 8GB RAM, 512GB SSD - Windows 11 Home",880000,2026-06-25 21:07
Pointek,Phones,OPPO Reno 13 12GB+512GB 5G,886100,2026-06-25 21:07
Justfones,Laptops,"HP Envy X360 15.6"" 2-In-1 Convertible TouchScreen Laptop - 11th Gen Intel Core I7 1.8GHz - 16GB RAM - 1TB SSD -  Window 10 Home",890000,2026-06-25 21:07
Justfones,Phones,OPPO Reno 13 Dual Sim - 12GB RAM - 512GB - 5G,895000,2026-06-25 21:07
Justfones,Phones,"OnePlus 15 Dual SIM - 12GB RAM, 256GB - 5G (Pre-Owned)",899000,2026-06-25 21:07
Justfones,Phones,"Nubia RedMagic 8 Pro Dual Sim - 16GB RAM, 512GB - 5G - Void",899000,2026-06-25 21:07
Justfones,Phones,"ASUS ROG Phone 7 Dual SIM - 16GB RAM, 512GB - 5G - Phantom Black",899000,2026-06-25 21:07
Justfones,Laptops,Microsoft Surface Laptop Studio 14.4” – Intel Core i5 -16GB RAM – 256GB SSD (2021),899000,2026-06-25 21:07
Justfones,Laptops,Microsoft Surface Pro 8 – 13” – Intel Core i7 – 16GB RAM – 256GB SSD (2021),899000,2026-06-25 21:07
Justfones,Laptops,Microsoft Surface Pro 7+ - 12.3” – Intel Core i5 – 8GB RAM – 256GB SSD - (2022 Model),899000,2026-06-25 21:07
Justfones,Tablets,"Samsung Galaxy Tab S10 FE 10.9"" - 8GB RAM - 128GB - 5G (2025 Model)",899000,2026-06-25 21:07
Justfones,Phones,"Google Pixel 9 Pro - 16GB RAM, 256GB - 5G (Open-Box Excellent-Certified)",900000,2026-06-25 21:07
Justfones,Phones,Samsung Galaxy S25 FE Dual Sim - 8GB RAM - 256GB - 5G,900000,2026-06-25 21:07
Justfones,Laptops,"HP Notebook 14"" Laptop - 11TH Intel Core I5 2.4GHz - 8GB RAM, 256GB SSD - Windows 11 Home",900000,2026-06-25 21:07
Justfones,Laptops,"HP Envy 15 TouchScreen Laptop 15.6"" - 11th Gen Intel Core I7 2.3GHz - 16GB RAM - 512GB SSD + 32GB Optane - Window 11 Home",900000,2026-06-25 21:07
Pointek,Phones,OPPO Reno 14 5G 12GB + 512GB,900200,2026-06-25 21:07
Justfones,Phones,Samsung Galaxy S22 Ultra Dual SIM - 12GB RAM - 512GB - 5G - Phantom Black  (Open-Box Excellent Certified),950000,2026-06-25 21:07
Justfones,Laptops,"MSI Stealth 15M Gaming Laptop 15.5"" -11th Gen Intel Core i7-11375H - 16GB RAM, 512GB SSD - 6GB NVIDIA GeForce RTX 3060 - Windows 10",950000,2026-06-25 21:07
Justfones,Laptops,"Microsoft Surface Laptop 3 - 13.5"" Touch-Screen - Intel Core i7 - 16GB RAM - 512GB SSD",950000,2026-06-25 21:07
Justfones,Phones,"Nubia RedMagic 8S Pro Dual Sim - 12GB RAM, 256GB - 5G - Midnight",999000,2026-06-25 21:07
Justfones,Tablets,"Apple IPad Air 11"" M3 (128GB / 256GB / 512GB / 1TB) With Wi-Fi Only - 2025 Model",999000,2026-06-25 21:07
Justfones,Tablets,"Samsung Galaxy Tab S10 FE 10.9"" - 12GB RAM - 256GB - 5G (2025 Model)",999000,2026-06-25 21:07
Justfones,Phones,"Samsung Galaxy S25 Ultra Dual SIM (12GB RAM, 256GB) - 5G (Pre-Owned)",1000000,2026-06-25 21:07
Justfones,Laptops,HP Omen Gaming Laptop 16.1” - 11th Gen Intel Core i7 2.6GHz - 16 GB RAM - 512 GB SSD - Windows 11 Home,1000000,2026-06-25 21:07
Justfones,Laptops,"Microsoft Surface Laptop 3 - 13.5"" Touch-Screen - Intel Core I7 - 16GB RAM - 1TB SSD",1000000,2026-06-25 21:07
Pointek,Phones,Samsung Galaxy S25 FE 8GB + 256GB,1043830,2026-06-25 21:07
Justfones,Laptops,"Microsoft Surface Book 3 13.5"" - Intel Core i7 - 16GB RAM - 256GB SSD",1050000,2026-06-25 21:07
Pointek,Laptops,HP Pavilion 14 X360 11th Gen 8GB 512GB SSD Backlit Keyboard,1050000,2026-06-25 21:07
Justfones,Laptops,HP Omen  Gaming Laptop 17” - 11th Gen Intel Core I7 2.3GHz - 16GB RAM - 1TB SSD,1080000,2026-06-25 21:07
Pointek,Laptops,HP Pavilion 14 X360 Intel Core i5 11th Gen 8GB 512 SSD Backlit Keyboard,1090000,2026-06-25 21:07
Justfones,Phones,Google Pixel 10 (128GB / 256GB) - 5G,1100000,2026-06-25 21:07
Justfones,Phones,Samsung Galaxy S25 Dual SIM (128GB / 256GB / 512GB) - 5G,1100000,2026-06-25 21:07
Justfones,Phones,"OnePlus 13 Dual SIM - 16GB RAM, 512GB - 5G",1100000,2026-06-25 21:07
Justfones,Phones,Apple iPhone 14 128GB - 5G,1100000,2026-06-25 21:07
Justfones,Laptops,"Apple Macbook NEO 13"" A18 Pro Chip (8GB RAM - 256GB / 512GB) - 2026 Model",1100000,2026-06-25 21:07
Justfones,Laptops,Microsoft Surface Pro 8 – 13” – Intel Core I7 – 16GB RAM – 512GB SSD (2021),1100000,2026-06-25 21:07
Justfones,Laptops,Microsoft Surface Pro 7+ - 12.3” – Intel Core I5 – 16GB RAM – 256GB SSD - (2022 Model),1100000,2026-06-25 21:07
Justfones,Laptops,"Microsoft Surface Book 3 13.5"" - Intel Core I7 - 32GB RAM - 512GB SSD",1100000,2026-06-25 21:07
Justfones,Laptops,"Apple Macbook Air 13"" M1 Chip 8GB 256GB 2020 Model",1100000,2026-06-25 21:07
Justfones,Tablets,"Samsung Galaxy Tab S8 Plus 12.4"" - 8GB RAM - 256GB - 5G (2022 Model) - Graphite",1100000,2026-06-25 21:07
Justfones,Phones,"OnePlus 15 Dual SIM - 12GB RAM, 256GB - 5G",1150000,2026-06-25 21:07
Justfones,Phones,"ASUS ROG Phone 7 Ultimate Dual SIM - 16GB RAM, 512GB - 5G - Storm White",1150000,2026-06-25 21:07
Pointek,Watches,Apple Watch Ultra 49mm,1150000,2026-06-25 21:07
Justfones,Phones,Samsung Galaxy S26 Dual SIM (256GB / 512GB) - 5G,1180000,2026-06-25 21:07
Justfones,Phones,Apple iPhone 16 (128GB / 256GB / 512GB) - 5G,1199000,2026-06-25 21:07
Justfones,Phones,Apple iPhone 15 256GB - 5G,1199000,2026-06-25 21:07
Justfones,Laptops,Microsoft Surface Pro 7+ - 12.3” – Intel Core I5 – 16GB RAM – 512GB SSD - (2022 Model),1199000,2026-06-25 21:07
Justfones,Tablets,"Samsung Galaxy Tab S10 FE Plus 13.1"" - 12GB RAM - 256GB - 5G - Gray",1199000,2026-06-25 21:07
Justfones,Tablets,"Apple IPad Air 11"" M2 128GB (6th Gen) With Wi-Fi Only - 2024 Model",1199000,2026-06-25 21:07
Justfones,Phones,"Honor Magic 7 Pro Dual SIM - 12GB RAM, 512GB - 5G",1200000,2026-06-25 21:07
Justfones,Phones,"Nubia RedMagic 10 Pro Dual Sim - 16GB RAM, 512GB - 5G",1200000,2026-06-25 21:07
Justfones,Phones,Google Pixel 9 Pro (128GB / 256GB / 512GB / 1TB) - 5G,1200000,2026-06-25 21:07
Justfones,Phones,"Nubia RedMagic 8s Pro Dual Sim - 16GB RAM, 512GB - 5G - Aurora",1200000,2026-06-25 21:07
Justfones,Phones,Apple iPhone 14 Plus 128GB - 5G,1200000,2026-06-25 21:07
Justfones,Phones,Apple IPhone 14 256GB - 5G,1200000,2026-06-25 21:07
Justfones,Laptops,"HP PAVILION X360 14"" 2-In-1 Convertible Touchscreen Laptop - 12TH Gen Intel Core I5 1.3GHz - 16GB RAM, 512GB SSD - Windows 11 Home",1200000,2026-06-25 21:07
Justfones,Laptops,"Dell Inspiron 16 5620 16""- 12th Gen Intel Core I5 1.4GHz- Windows 11 Home - 8GB RAM - 512GB SSD",1200000,2026-06-25 21:07
Justfones,Laptops,"Microsoft Surface Book 3 15"" - Intel Core i7 - 16GB RAM - 256GB SSD",1200000,2026-06-25 21:07
Pointek,Phones,Samsung Galaxy S25 128GB,1201830,2026-06-25 21:07
Justfones,Phones,Samsung Galaxy S25 Plus Dual SIM (256GB / 512GB) - 5G,1250000,2026-06-25 21:07
Justfones,Phones,Google Pixel 9 (128GB / 256GB) - 5G,1250000,2026-06-25 21:07
Justfones,Phones,"Huawei Pura 70 Pro Dual SIM - 12GB RAM, 512GB - Black",1250000,2026-06-25 21:07
Justfones,Laptops,"HP Pavilon X360 14"" - 2-In-1 Convertible TouchScreen Laptop -13th Gen Intel Corei5 - 8GB RAM, 512GB SSD",1250000,2026-06-25 21:07
Justfones,Laptops,HP Omen Gaming Laptop 16.1” - 11th Gen Intel Core i7 2.6GHz - 16GB RAM - 1TB SSD,1250000,2026-06-25 21:07
Justfones,Laptops,"Microsoft  Surface Laptop 3 - 15"" Touch-Screen - AMD Ryzen 7 Surface Edition - 32GB RAM - 1TB SSD",1250000,2026-06-25 21:07
Justfones,Tablets,"Samsung Galaxy Tab S8 Ultra 14.6"" - 8GB RAM - 128GB - 5G - Graphite",1250000,2026-06-25 21:07
Justfones,Phones,Samsung Galaxy Z Flip7 FE (128GB / 256GB) - 5G,1286000,2026-06-25 21:07
Pointek,Phones,Samsung Galaxy S25 256GB,1287850,2026-06-25 21:07
Pointek,Phones,Apple iPhone 14 Pro Max 128GB + Free Charger Adapter,1295000,2026-06-25 21:07
Justfones,Phones,"Nubia RedMagic 10 Pro Dual Sim - 16GB RAM, 512GB - 5G (Pre-owned)",1299000,2026-06-25 21:07
Justfones,Phones,"Samsung Galaxy Z Flip6 - 12GB, 256GB - 5G",1299000,2026-06-25 21:07
Justfones,Phones,"Nubia RedMagic 9 Pro Dual Sim - 12GB RAM, 256GB - 5G - Sleet",1299000,2026-06-25 21:07
Justfones,Laptops,"Apple Macbook Air 13"" M2 Chip 8GB, 256GB - 2022 Model",1299000,2026-06-25 21:07
Justfones,Tablets,"Samsung Galaxy Tab S11 11.0"" - (128GB / 256GB / 512GB) - 5G (2025 Model)",1299000,2026-06-25 21:07
Justfones,Watches,Apple Watch Ultra 2 (GPS+Cellular) 49mm Black Titanium Case With Ocean Band,1299000,2026-06-25 21:07
Justfones,Watches,Apple Watch Ultra 2 (GPS+Cellular) 49mm Black Titanium Case With Trail Loop,1299000,2026-06-25 21:07
Justfones,Watches,Apple Watch Ultra 2 (GPS+Cellular) 49mm Black Titanium Case with Alpine Loop,1299000,2026-06-25 21:07
Justfones,Phones,"OnePlus 15 Dual SIM - 16GB RAM, 512GB - 5G",1300000,2026-06-25 21:07
Justfones,Phones,Apple iPhone 17 (256GB / 512GB) - 5G,1300000,2026-06-25 21:07
Justfones,Phones,"Nubia RedMagic 10s Pro Dual Sim - 16GB RAM, 512GB - 5G - Dusk",1300000,2026-06-25 21:07
Justfones,Phones,Samsung Galaxy Z Flip 7 (256GB / 512GB) - 5G,1300000,2026-06-25 21:07
Justfones,Laptops,"HP Victus 15 Laptop - 12th Gen Intel Corei5 4.4GHz - 8GB RAM, 512GB SSD - Windows 11 Home",1300000,2026-06-25 21:07
Justfones,Laptops,"HP Notebook 15.6"" Laptop - 13TH Gen Intel Core I7 5.0GHz - 16GB RAM, 512GB SSD - Windows 10 Home",1300000,2026-06-25 21:07
Pointek,Laptops,Apple MacBook Pro 13″ 8GB 256GB M1 Chip 2020,1300000,2026-06-25 21:07
Pointek,Phones,Samsung Galaxy S26 256GB,1321180,2026-06-25 21:07
Pointek,Phones,Samsung Galaxy Flip 7FE 8GB + 128GB,1338380,2026-06-25 21:07
Justfones,Tablets,"Samsung Galaxy Tab S10 Plus 12.4"" - (256GB / 512GB) - 5G (2024 Model)",1350000,2026-06-25 21:07
Pointek,Phones,Samsung Galaxy Tab S11 5G 12GB + 128GB,1369550,2026-06-25 21:07
Justfones,Phones,"Google Pixel 8 Pro - 12GB RAM, 512GB - 5G",1370000,2026-06-25 21:07
Justfones,Phones,Google Pixel 10 Pro (128GB / 256GB / 512GB / 1TB) - 5G,1399000,2026-06-25 21:07
Justfones,Phones,"Nubia RedMagic 9S Pro Dual Sim - 12GB RAM, 256GB - 5G - Sleet",1399000,2026-06-25 21:07
Justfones,Phones,Apple IPhone 15 Plus 128GB - 5G,1399000,2026-06-25 21:07
Justfones,Tablets,"Apple IPad Air 13"" M3 (128GB / 256GB / 512GB / 1TB) With Wi-Fi Only - 2025 Model",1399000,2026-06-25 21:07
Justfones,Tablets,"Apple IPad Air 11"" M3 (128GB / 256GB / 512GB / 1TB) With Wi-Fi+Cellular - 2025 Model",1399000,2026-06-25 21:07
Justfones,Tablets,"Apple IPad Air 13"" M2 128GB (6th Gen) With Wi-Fi Only - 2024 Model",1399000,2026-06-25 21:07
Justfones,Tablets,"Apple IPad Air 11"" M2 256GB (6th Gen) With Wi-Fi Only - 2024 Model",1399000,2026-06-25 21:07
Justfones,Tablets,"Apple IPad Air 11"" M2 128GB (6th Gen) With Wi-Fi + Cellular - 2024 Model",1399000,2026-06-25 21:07
Justfones,Phones,Samsung Galaxy S25 Ultra Dual SIM (256GB / 512GB / 1TB) - 5G,1400000,2026-06-25 21:07
Justfones,Laptops,"HP Notebook 15.6"" Laptop - 13TH Gen Intel Core I7 2.4GHz - 16GB RAM, 512GB SSD - Windows 11 Home",1400000,2026-06-25 21:07
Pointek,Laptops,HP Pavilion 14 X360 13th Gen 16GB 512GB SSD Backlit Keyboard,1400000,2026-06-25 21:07
Pointek,Phones,Samsung Galaxy Flip 7FE 8GB + 256GB,1424380,2026-06-25 21:07
Pointek,Laptops,HP Pavilion 14 X360 11th Gen 16GB 512GB SSD Backlit Keyboard,1430000,2026-06-25 21:07
Justfones,Phones,Samsung Galaxy S26 Plus Dual SIM (256GB / 512GB) - 5G,1450000,2026-06-25 21:07
Justfones,Phones,Apple iPhone Air (256GB / 512GB / 1TB) - 5G,1450000,2026-06-25 21:07
Justfones,Phones,"Nubia RedMagic 9 Pro Dual Sim - 16GB RAM, 512GB - 5G - Snowfall",1450000,2026-06-25 21:07
Justfones,Phones,"Nubia RedMagic 9 Pro Dual Sim - 16GB RAM, 512GB - 5G - Cyclone",1450000,2026-06-25 21:07
Justfones,Phones,"ASUS ROG Phone 8 Pro Dual SIM - 16GB RAM, 512GB - 5G - Phantom Black (Chinese version with Global ROM)",1450000,2026-06-25 21:07
Justfones,Phones,"Tecno Phantom V Fold Dual Sim - 12GB RAM, 256GB - 5G",1450000,2026-06-25 21:07
Justfones,Laptops,"HP Envy X360 14"" 2-In-1 Convertible TouchScreen Laptop - 13th Gen Intel Core I5 1.3GHz - 8GB RAM - 512GB SSD",1450000,2026-06-25 21:07
Justfones,Laptops,"Dell Inspiron 16 5620 16""- 12th Gen Intel Core I7 1.7GHz- Windows 11 Home - 16GB RAM - 1TB SSD",1450000,2026-06-25 21:07
Justfones,Laptops,"Dell Inspiron 14 5420 14.5""- 12th Gen Intel Core I7 1.7GHz- Windows 11 Home - 16GB RAM - 512GB SSD",1450000,2026-06-25 21:07
Pointek,Phones,Samsung Galaxy S25 Plus 256GB,1456630,2026-06-25 21:07
Pointek,Phones,Samsung Galaxy Tab S11 5G 12GB + 256GB,1459850,2026-06-25 21:07
Pointek,Phones,iPhone 17 256GB,1490000,2026-06-25 21:07
Justfones,Phones,Google Pixel 10 Pro XL (256GB / 512GB / 1TB) - 5G,1499000,2026-06-25 21:07
Justfones,Phones,Google Pixel 9 Pro XL (128GB / 256GB / 512GB / 1TB) - 5G,1499000,2026-06-25 21:07
Justfones,Phones,"Samsung Galaxy Z Flip6 - 12GB, 512GB - 5G",1499000,2026-06-25 21:07
Justfones,Laptops,Microsoft Surface Laptop Studio 14.4” - Intel Core i7 - 16GB - NVIDIA GeForce RTX 3050 Ti - 512GB SSD (2021),1499000,2026-06-25 21:07
Justfones,Tablets,"Apple IPad Air 13"" M3 (128GB / 256GB / 512GB / 1TB) With Wi-Fi+Cellular - 2025 Model",1499000,2026-06-25 21:07
Justfones,Tablets,"Apple IPad Air 13"" M2 256GB (6th Gen) With Wi-Fi Only - 2024 Model",1499000,2026-06-25 21:07
Justfones,Tablets,"Apple IPad Air 11"" M2 512GB (6th Gen) With Wi-Fi Only - 2024 Model",1499000,2026-06-25 21:07
Justfones,Watches,Apple Watch Ultra 3 (GPS+Cellular) 49mm Titanium Case With Ocean Band,1499000,2026-06-25 21:07
Justfones,Watches,Apple Watch Ultra 3 (GPS+Cellular) 49mm Titanium Case With Trail Loop,1499000,2026-06-25 21:07
Justfones,Watches,Apple Watch Ultra 3 (GPS+Cellular) 49mm Titanium Case with Alpine Loop,1499000,2026-06-25 21:07
Justfones,Watches,Apple Watch Ultra 2 (GPS+Cellular) 49mm Black Titanium Case With Milanese Loop,1499000,2026-06-25 21:07
Justfones,Phones,"Nubia RedMagic 11 Pro Dual Sim - 16GB RAM, 512GB - 5G - Nightfreeze",1500000,2026-06-25 21:07
Justfones,Laptops,"HP Envy X360 15.6"" 2-In-1 Convertible TouchScreen Laptop - 13th Gen Intel Core I7 1.3GHz - 16GB RAM - 512GB SSD",1550000,2026-06-25 21:07
Pointek,Phones,Samsung Galaxy S26 Plus 256GB,1557680,2026-06-25 21:07
Pointek,Phones,Apple iPhone 15 Pro 128GB,1572349,2026-06-25 21:07
Pointek,Phones,Samsung Galaxy Tab S9 8GB RAM 128GB ROM,1574000,2026-06-25 21:07
Justfones,Phones,"Huawei Pura 80 Ultra Dual SIM - 16GB RAM, 512GB (Global)",1599000,2026-06-25 21:07
Justfones,Phones,"Nubia RedMagic 9s Pro Dual Sim - 16GB RAM, 512GB - 5G - Cyclone",1599000,2026-06-25 21:07
Justfones,Phones,Apple iPhone 16 Plus (128GB / 256GB / 512GB) - 5G,1599000,2026-06-25 21:07
Justfones,Phones,Apple IPhone 15 Plus 256GB - 5G,1599000,2026-06-25 21:07
Justfones,Laptops,"Apple Macbook Air 13"" M4 Chip (16GB RAM - 256GB, 512GB) - 2025 Model",1599000,2026-06-25 21:07
Justfones,Tablets,"Apple IPad Air 13"" M2 128GB (6th Gen) With Wi-Fi + Cellular - 2024 Model",1599000,2026-06-25 21:07
Justfones,Phones,Samsung Galaxy S26 Ultra Dual SIM (256GB / 512GB) - 5G,1600000,2026-06-25 21:07
Justfones,Laptops,"Dell Inspiron 16 5620 16""- 12th Gen Intel Core I7 1.7GHz- Windows 11 Home - 16GB RAM - 512GB SSD",1600000,2026-06-25 21:07
Pointek,Phones,Samsung Galaxy S25 Plus 512GB,1623250,2026-06-25 21:07
Pointek,Phones,Samsung Galaxy Flip 7 12GB + 256GB,1636150,2026-06-25 21:07
Justfones,Phones,"Tecno Phantom V Fold Dual Sim - 12GB RAM, 512GB - 5G",1650000,2026-06-25 21:07
Justfones,Laptops,"HP Envy X360 15.6"" 2-In-1 Convertible TouchScreen Laptop - 13th Gen Intel Core I7 1.3GHz - 16GB RAM - 1TB SSD",1650000,2026-06-25 21:07
Justfones,Laptops,"Microsoft Surface Book 3 15"" - Intel Core I7 - 32GB RAM - 1TB SSD",1650000,2026-06-25 21:07
Justfones,Tablets,"Apple iPad Air 11"" M2 256GB (6th Gen) With Wi-Fi + Cellular - 2024 Model",1650000,2026-06-25 21:07
Justfones,Tablets,"Samsung Galaxy Tab S10 Ultra 14.6"" (256GB / 512GB) - 5G (2024 Model)",1699000,2026-06-25 21:07
Justfones,Watches,Apple Watch Ultra 3 (GPS+Cellular) 49mm Black Titanium Case With Milanese Loop,1699000,2026-06-25 21:07
Justfones,Phones,"Samsung Galaxy Fold 6 Dual SIM - 12GB, 256GB - 5G",1700000,2026-06-25 21:07
Justfones,Laptops,"Microsoft Surface Book 3 13.5"" - Intel Core I7 - 32GB RAM - 1TB SSD",1700000,2026-06-25 21:07
Justfones,Laptops,"Microsoft Surface Book 3 15"" - Intel Core I7 - 32GB RAM - 2TB SSD",1750000,2026-06-25 21:07
Justfones,Tablets,"Apple IPad Pro 11"" M5 (256GB / 512GB / 1TB / 2TB) With Wi-Fi Only - 2025 Model",1750000,2026-06-25 21:07
Justfones,Tablets,"Samsung Galaxy Tab S11 Ultra 14.6"" (256GB / 512GB) - 5G (2025 Model)",1750000,2026-06-25 21:07
Pointek,Laptops,Apple MacBook Air 13″ M1 chip 8GB 256GB 2020,1750000,2026-06-25 21:07
Justfones,Phones,"OPPO Find X9 Pro Dual SIM - 16GB RAM, 512GB - 5G (Global)",1799000,2026-06-25 21:07
Justfones,Laptops,"Apple Macbook Air 15"" M4 Chip (16GB RAM - 256GB, 512GB) - 2025 Model",1799000,2026-06-25 21:07
Justfones,Tablets,"Apple IPad Pro 13"" M4 (2024 Model) With Wi-Fi Only - 256GB",1799000,2026-06-25 21:07
Justfones,Tablets,"Apple IPad Pro 11"" M4 (2024 Model) With Wi-Fi Only - 256GB",1799000,2026-06-25 21:07
Justfones,Tablets,"Apple IPad Air 13"" M2 256GB (6th Gen) With Wi-Fi + Cellular - 2024 Model",1799000,2026-06-25 21:07
Justfones,Phones,"Vivo X200 Pro Dual SIM - 16GB RAM, 512GB - 5G - Titanium",1799999,2026-06-25 21:07
Justfones,Laptops,"Dell Inspiron 16 5630 16""- 13th Gen Intel Core I7 1.9GHz- Windows 11 Home - 16GB RAM - 1TB SSD",1800000,2026-06-25 21:07
Pointek,Phones,Samsung Galaxy S26 Plus 512GB,1816750,2026-06-25 21:07
Pointek,Phones,iPhone Air 256GB,1827500,2026-06-25 21:07
Pointek,Phones,Samsung Galaxy S26 Ultra 256GB,1837180,2026-06-25 21:07
Justfones,Phones,Samsung Galaxy S23 Ultra Dual SIM - 12GB RAM - 1TB - 5G,1850000,2026-06-25 21:07
Pointek,Phones,Samsung Galaxy Flip 7 12GB + 512GB,1866200,2026-06-25 21:07
Pointek,Phones,Samsung Galaxy Z Flip 5 8GB 512GB 5G,1877000,2026-06-25 21:07
Pointek,Phones,Samsung Galaxy S25 Ultra 256GB,1893080,2026-06-25 21:07
Justfones,Phones,"Nubia RedMagic 11 Pro Dual Sim - 24GB RAM, 1TB - 5G - Nightfreeze",1899000,2026-06-25 21:07
Justfones,Phones,"ASUS ROG Phone 9 Pro Dual SIM - 16GB RAM, 512GB - 5G - Phantom Black",1899000,2026-06-25 21:07
Justfones,Phones,"Honor Magic V3 Dual SIM - 12GB RAM, 512GB - 5G",1899000,2026-06-25 21:07
Justfones,Phones,Google Pixel 9 Pro Fold (256GB / 512GB) - 5G,1899000,2026-06-25 21:07
Justfones,Laptops,"Apple Macbook Air 13"" M5 Chip (16GB RAM - 512GB / 1TB) - 2026 Model",1899000,2026-06-25 21:07
Justfones,Laptops,"Apple Macbook Air 15"" M2 Chip 8GB, 256GB - 2023 Model",1899000,2026-06-25 21:07
Justfones,Laptops,Microsoft Surface Laptop Studio 14.4” - Intel Core I7 - 32GB - NVIDIA GeForce RTX 3050 Ti - 1TB SSD (2021),1899000,2026-06-25 21:07
Justfones,Tablets,"Apple IPad Pro 13"" M5 (256GB / 512GB / 1TB / 2TB) With Wi-Fi Only - 2025 Model",1899000,2026-06-25 21:07
Justfones,Tablets,"Apple IPad Pro 11"" M5 (256GB / 512GB / 1TB / 2TB) With Wi-Fi+Cellular - 2025 Model",1899000,2026-06-25 21:07
Justfones,Tablets,"Apple IPad Air 13"" M2 512GB (6th Gen) With Wi-Fi Only - 2024 Model",1899000,2026-06-25 21:07
Justfones,Tablets,"Apple IPad Air 11"" M2 512GB (6th Gen) With Wi-Fi + Cellular - 2024 Model",1899000,2026-06-25 21:07
Justfones,Tablets,"Samsung Galaxy Tab S9 Ultra 14.6"" - 12GB RAM - 512GB - 5G (2023 Model) - Graphite",1899000,2026-06-25 21:07
Pointek,Phones,Samsung Galaxy Tab S9 Plus 12GB RAM 256GB ROM,1911000,2026-06-25 21:07
Pointek,Phones,Apple iPhone 15 Pro 256GB,1918875,2026-06-25 21:07
Pointek,Phones,Samsung Galaxy S11 Ultra 5G 12GB + 256GB,1937150,2026-06-25 21:07
Justfones,Phones,Apple iPhone 17 Pro (256GB / 512GB / 1TB) - 5G,1950000,2026-06-25 21:07
Justfones,Tablets,"Apple IPad Pro 13"" M4 (2024 Model) With Wi-Fi Only - 512GB",1950000,2026-06-25 21:07
Pointek,Watches,Apple Watch Ultra 2 49mm,1950000,2026-06-25 21:07
Pointek,Laptops,Apple MacBook Pro M1 Chip 16″ 16GB 512GB 2021,1950000,2026-06-25 21:07
Pointek,Phones,iPhone Air 512GB,1990000,2026-06-25 21:07
Justfones,Phones,"Xiaomi 17 Ultra Dual SIM - (16GB RAM, 512GB / 1TB) - 5G (Global)",1999000,2026-06-25 21:07
Justfones,Phones,Google Pixel 10 Pro Fold (256GB / 512GB / 1TB) - 5G - Moonstone,1999000,2026-06-25 21:07
Justfones,Phones,"Xiaomi 15 Ultra Dual SIM - (16GB RAM, 512GB / 1TB) - 5G",1999000,2026-06-25 21:07
Justfones,Phones,"Samsung Galaxy Fold 6 Dual SIM - 12GB, 512GB - 5G",1999000,2026-06-25 21:07
Justfones,Laptops,"Apple Macbook Air 13"" M3 Chip 8GB, 256GB - 2024 Model",1999000,2026-06-25 21:07
Justfones,Laptops,Microsoft Surface Pro 8 – 13” – Intel Core I7 – 16GB RAM – 1TB SSD (2021),1999000,2026-06-25 21:07
Justfones,Tablets,"Apple IPad Pro 13"" M5 (256GB / 512GB / 1TB / 2TB) With Wi-Fi+Cellular - 2025 Model",1999000,2026-06-25 21:07
Justfones,Tablets,"Apple IPad Pro 13"" M4 (2024 Model) With Wi-Fi + Cellular - 256GB",1999000,2026-06-25 21:07
Justfones,Tablets,"Apple IPad Pro 11"" M4 (2024 Model) With Wi-Fi Only - 512GB",1999000,2026-06-25 21:07
Justfones,Tablets,"Apple IPad Pro 11"" M4 (2024 Model) With Wi-Fi + Cellular - 256GB",1999000,2026-06-25 21:07
Justfones,Tablets,"Apple IPad Air 11"" M2 1TB (6th Gen) With Wi-Fi Only - 2024 Model",1999000,2026-06-25 21:07
Justfones,Phones,"Nubia RedMagic 10s Pro Dual Sim - 24GB RAM, 1TB - 5G",1999999,2026-06-25 21:07
Justfones,Laptops,Microsoft Surface Laptop Studio 14.4” - Intel Core I7 - 32GB - NVIDIA GeForce RTX A2000 - 2TB SSD (2021),1999999,2026-06-25 21:07
Pointek,Phones,iPhone 17 Pro 256GB,2050000,2026-06-25 21:07
Pointek,Phones,Samsung Galaxy S25 Ultra 512GB,2061850,2026-06-25 21:07
Pointek,Phones,Samsung Galaxy S26 Ultra 512GB,2098400,2026-06-25 21:07
Justfones,Phones,Samsung Galaxy Fold 7 Dual SIM (256GB / 512GB) - 5G,2100000,2026-06-25 21:07
Justfones,Laptops,"Apple Macbook Air 15"" M5 Chip (16GB RAM - 512GB / 1TB) - 2026 Model",2100000,2026-06-25 21:07
Justfones,Tablets,"Apple IPad Air 13"" M2 512GB (6th Gen) With Wi-Fi + Cellular - 2024 Model",2100000,2026-06-25 21:07
Pointek,Phones,Samsung Galaxy S11 Ultra 5G 12GB + 512GB,2122050,2026-06-25 21:07
Pointek,Laptops,Apple MacBook Pro M1 Chip 14″ 16GB 512GB 2021,2150000,2026-06-25 21:07
Justfones,Phones,"Samsung Galaxy S26 Ultra Dual SIM (16GB RAM, 1TB) - 5G",2199000,2026-06-25 21:07
Justfones,Phones,Apple iPhone 17 Pro Max (256GB / 512GB / 1TB / 2TB) - 5G,2199000,2026-06-25 21:07
Justfones,Phones,"Honor Magic V5 Dual SIM - 16GB RAM, 512GB - 5G (Global)",2199000,2026-06-25 21:07
Justfones,Laptops,"Apple Macbook Air 13"" M4 Chip - 24GB RAM, 512GB - 2025 Model",2199000,2026-06-25 21:07
Justfones,Tablets,"Apple IPad Air 13"" M2 1TB (6th Gen) With Wi-Fi Only - 2024 Model",2200000,2026-06-25 21:07
Justfones,Tablets,"Apple IPad Air 11"" M2 1TB (6th Gen) With Wi-Fi + Cellular - 2024 Model",2200000,2026-06-25 21:07
Pointek,Phones,Apple iPhone 15 Pro Max 512GB,2232668,2026-06-25 21:07
Justfones,Laptops,"Apple Macbook Air 15"" M3 Chip 8GB, 256GB - 2024 Model",2299000,2026-06-25 21:07
Justfones,Tablets,"Apple IPad Pro 11"" M4 (2024 Model) With Wi-Fi + Cellular - 512GB",2299000,2026-06-25 21:07
Justfones,Laptops,"HP Omen Gaming  Laptop 16.1"" -13th Gen, intelcore, i7 1.65Hz - 16GB RAM, 1TB SSD - Window 11 Home",2300000,2026-06-25 21:07
Justfones,Laptops,"Apple Macbook Air 13"" M3 Chip 8GB, 512GB - 2024 Model",2300000,2026-06-25 21:07
Pointek,Phones,iPhone 17 Pro Max 256GB,2320000,2026-06-25 21:07
Pointek,Phones,Samsung Galaxy S25 Ultra 1TB,2397250,2026-06-25 21:07
Justfones,Phones,"Huawei Mate X6 Dual SIM - 12GB RAM, 512GB",2399000,2026-06-25 21:07
Justfones,Tablets,"Apple IPad Pro 13"" M4 (2024 Model) With Wi-Fi + Cellular - 512GB",2399000,2026-06-25 21:07
Justfones,Tablets,"Apple IPad Air 13"" M2 1TB (6th Gen) With Wi-Fi + Cellular - 2024 Model",2399000,2026-06-25 21:07
Pointek,Phones,Samsung Galaxy S26 Ultra 1TB,2489700,2026-06-25 21:07
Justfones,Laptops,"Apple Macbook Air 13"" M5 Chip - 24GB RAM, 1TB - 2026 Model",2499000,2026-06-25 21:07
Justfones,Laptops,"Apple Macbook Air 15"" M3 Chip 8GB, 512GB - 2024 Model",2499000,2026-06-25 21:07
Justfones,Tablets,"Apple IPad Pro 11"" M4 (2024 Model) With Wi-Fi Only - 1TB",2499000,2026-06-25 21:07
Justfones,Laptops,"HP Omen Gaming Laptop 16T - 14th Gen, Intel Core i7 1.65Hz - 16GB RAM, 2TB SSD - Window 11 Home",2500000,2026-06-25 21:07
Pointek,Phones,iPhone 17 Pro 512GB,2500000,2026-06-25 21:07
Justfones,Phones,"OPPO Find X9 Ultra Dual SIM - 12GB RAM, 512GB - 5G (Global)",2599000,2026-06-25 21:07
Justfones,Laptops,"Apple MacBook Pro 14"" M5 Chip (16GB RAM, 512GB / 1TB) - 2025 Model",2599000,2026-06-25 21:07
Pointek,Phones,iPhone 17 Pro Max 512GB,2600000,2026-06-25 21:07
Pointek,Phones,Samsung Galaxy S24 Ultra 12+1TB ROM,2632550,2026-06-25 21:07
Justfones,Laptops,"Apple Macbook Air 15"" M4 Chip - 24GB RAM, 512GB - 2025 Model",2699000,2026-06-25 21:07
Justfones,Tablets,"Samsung Galaxy Tab S11 Ultra 14.6"" (16GB RAM, 1TB) - 5G (2025 Model)",2699000,2026-06-25 21:07
Justfones,Tablets,"Apple IPad Pro 11"" M4 (2024 Model) With Wi-Fi Only - 2TB",2699000,2026-06-25 21:07
Justfones,Tablets,"Apple IPad Pro 11"" M4 (2024 Model) With Wi-Fi + Cellular - 1TB",2699000,2026-06-25 21:07
Justfones,Phones,"OPPO Find N6 Dual SIM - 16GB RAM, 512GB - 5G (Global)",2750000,2026-06-25 21:07
Justfones,Laptops,"Apple Macbook Air 15"" M5 Chip - 24GB RAM, 1TB - 2026 Model",2799000,2026-06-25 21:07
Justfones,Laptops,"Apple Macbook Air 13"" M3 Chip 16GB, 512GB - 2024 Model",2799000,2026-06-25 21:07
Justfones,Laptops,"Apple MacBook Pro 14"" M3 Chip 8GB RAM, 1TB - 2023 Model",2799000,2026-06-25 21:07
Justfones,Tablets,"Apple IPad Pro 13"" M4 (2024 Model) With Wi-Fi Only - 1TB",2799000,2026-06-25 21:07
Justfones,Laptops,"HP Omen 16"" Laptop - 14th Gen intel core i7-i.8GHz -32GB RAM, 1TB SSD - Window 11 Home",2800000,2026-06-25 21:07
Justfones,Laptops,"MSI CreatorPro Z16P B12UKST-090 16"" - 12th Gen Intel Core i9-12900H 1.8Ghz- 32GB DDR5 - 1TB SSD - Windows 11 Pro",2800000,2026-06-25 21:07
Pointek,Laptops,Apple MacBook Pro 13″ M2 Chip 8GB 256GB  2022,2850000,2026-06-25 21:07
Pointek,Phones,Samsung Galaxy Fold 7 12GB + 256GB,2863800,2026-06-25 21:07
Pointek,Phones,Order Samsung Galaxy Fold 6 512GB,2943000,2026-06-25 21:07
Justfones,Phones,"Samsung Galaxy Fold 7 Dual SIM - 16GB  RAM, 1TB - 5G",2999000,2026-06-25 21:07
Justfones,Laptops,"Apple MacBook Pro 14"" M4 Chip (16GB RAM, 512GB / 1TB) - 2024 Model",2999000,2026-06-25 21:07
Justfones,Laptops,"Apple Macbook Air 15"" M3 Chip 16GB, 512GB - 2024 Model",2999000,2026-06-25 21:07
Justfones,Laptops,"MSI Stealth GS77 17.3"" UHD 4K Gaming Laptop: 12th Gen Intel Core i9-12900H RTX 3080 Ti 32GB DDR5 1TB NVMe SSD - Windows 11 Pro",2999000,2026-06-25 21:07
Justfones,Tablets,"Apple IPad Pro 13"" M4 (2024 Model) With Wi-Fi Only - 2TB",2999000,2026-06-25 21:07
Justfones,Tablets,"Apple IPad Pro 13"" M4 (2024 Model) With Wi-Fi + Cellular - 1TB",2999000,2026-06-25 21:07
Justfones,Tablets,"Apple IPad Pro 11"" M4 (2024 Model) With Wi-Fi + Cellular - 2TB",2999000,2026-06-25 21:07
Pointek,Phones,Samsung Galaxy Z Fold 5 12GB RAM 256GB ROM 5G,3011000,2026-06-25 21:07
Pointek,Phones,Samsung Galaxy Fold 7 12GB + 512GB,3060530,2026-06-25 21:07
Justfones,Laptops,"Apple MacBook Pro 14"" M5 Chip (24GB RAM, 1TB) - 2025 Model",3199000,2026-06-25 21:07
Justfones,Tablets,"Apple IPad Pro 13"" M4 (2024 Model) With Wi-Fi + Cellular - 2TB",3199000,2026-06-25 21:07
Pointek,Phones,iPhone 17 Pro Max 1TB,3250000,2026-06-25 21:07
Pointek,Phones,Order Samsung Galaxy Fold 6 1TB,3293000,2026-06-25 21:07
Justfones,Laptops,"Apple MacBook Pro 14"" M3 Pro Chip 18GB RAM, 512GB - 2023 Model",3399000,2026-06-25 21:07
Pointek,Phones,Samsung Galaxy Z Fold 5 12GB RAM 1TB ROM 5G,3457000,2026-06-25 21:07
Pointek,Phones,Samsung Galaxy Fold 7 16GB + 1TB,3478700,2026-06-25 21:07
Justfones,Laptops,"Apple MacBook Pro 14"" M5 Chip (32GB RAM, 1TB) - 2025 Model",3499000,2026-06-25 21:07
Justfones,Laptops,"Apple MacBook Pro 14"" M4 Pro (24GB RAM, 512GB / 1TB) - 2024 Model",3499000,2026-06-25 21:07
Justfones,Laptops,"Apple MacBook Pro 14"" M4 Chip (24GB RAM, 1TB) - 2024 Model",3599000,2026-06-25 21:07
Justfones,Laptops,"Apple MacBook Pro 14"" M5 Pro (24GB RAM, 1TB / 2TB) - 2026 Model",3699000,2026-06-25 21:07
Justfones,Laptops,"Apple MacBook Pro 16"" M3 Pro Chip 18GB RAM, 512GB - 2023 Model",3700000,2026-06-25 21:07
Justfones,Laptops,"Apple MacBook Pro 14"" M3 Pro Chip 18GB RAM, 1TB - 2023 Model",3700000,2026-06-25 21:07
Justfones,Laptops,"Apple MacBook Pro 16"" M4 Pro (24GB RAM, 512GB) - 2024 Model",3999000,2026-06-25 21:07
Justfones,Laptops,"Apple MacBook Pro 16"" M3 Pro Chip 36GB RAM, 512GB - 2023 Model",3999000,2026-06-25 21:07
Pointek,Phones,iPhone 17 Pro Max 2TB,4192500,2026-06-25 21:07
Justfones,Laptops,"Apple MacBook Pro 16"" M5 Pro (24GB RAM, 1TB) - 2026 Model",4199000,2026-06-25 21:07
Justfones,Laptops,"Apple MacBook Pro 14"" M5 Pro (24GB RAM, 2TB) - 2025 Model",4499000,2026-06-25 21:07
Justfones,Laptops,"Apple MacBook Pro 16"" M4 Pro (48GB RAM, 512GB) - 2024 Model",4499000,2026-06-25 21:07
Justfones,Laptops,"Apple MacBook Pro 16"" M5 Pro (48GB RAM, 1TB) - 2026 Model",4799000,2026-06-25 21:07
Justfones,Laptops,"Apple MacBook Pro 16"" M3 Max Chip 36GB RAM, 1TB - 2023 Model",4999000,2026-06-25 21:07
Justfones,Laptops,"Apple MacBook Pro 14"" M3 Max Chip 36GB RAM, 1TB - 2023 Model",5250000,2026-06-25 21:07
Justfones,Laptops,"Apple MacBook Pro 14"" M4 Max (36GB RAM, 1TB) - 2024 Model",5499000,2026-06-25 21:07
Justfones,Laptops,"Apple MacBook Pro 16"" M3 Max Chip 48GB RAM, 1TB - 2023 Model",5499000,2026-06-25 21:07
Justfones,Laptops,"Apple MacBook Pro 16"" M4 Max (36GB RAM, 1TB) - 2024 Model",5599000,2026-06-25 21:07
Justfones,Phones,"Samsung Galaxy TriFold Dual SIM - 16GB RAM, 512GB - 5G",5999000,2026-06-25 21:07
Justfones,Laptops,"Apple MacBook Pro 16"" M5 Max (36GB RAM, 2TB) - 2026 Model",5999000,2026-06-25 21:07
Justfones,Laptops,"Apple MacBook Pro 14"" M5 Max (36GB RAM, 2TB) - 2026 Model",5999000,2026-06-25 21:07
Justfones,Laptops,"Apple MacBook Pro 16"" M4 Max (48GB RAM, 1TB) - 2024 Model",5999000,2026-06-25 21:07
Justfones,Laptops,"Apple MacBook Pro 16"" M5 Max (48GB RAM, 2TB) - 2026 Model",6999000,2026-06-25 21:07
